title,skills
Machine Learning Engineer,"['python', 'aws', 'machine learning']"
Research Assistant,"['tensorflow', 'deep learning', 'python', 'keras', 'pytorch', 'machine learning']"
Business Intelligence Developer,"['python', 'aws', 'machine learning', 'sql']"
AI Product Manager,[]
Business Intelligence Developer,"['tensorflow', 'deep learning', 'aws', 'python', 'keras', 'pytorch', 'machine learning', 'sql']"
Deep Learning Engineer,"['tensorflow', 'deep learning', 'aws', 'python', 'pytorch']"
AI Product Manager,['machine learning']
AI Consultant,"['python', 'machine learning', 'deep learning']"
Business Intelligence Developer,"['python', 'machine learning', 'sql']"
AI Product Manager,[]
